text,label
Gilmartin,0
Pett,0
Dunne,0
Pawson,0
Hurrell,0
Hadad,0
Kattan,0
Wallis,0
Drew,0
Moffat,0
Enright,0
Dagher,0
Sarraf,0
Snow,0
Oddie,0
Nair,0
Safar,0
Aitken,0
Hart,0
Etherington,0
Assaf,0
Ibrahim,0
Shan,1
Maroun,0
Widdows,0
Yao,1
Kirkby,0
Mustafa,0
Elzer,0
Cutts,0
Perkin,0
Pillay,0
Zeng,1
Nahas,0
Antoun,0
Abboud,0
Rowe,0
Atiyeh,0
Asker,0
Alliott,0
Rockliffe,0
Halabi,0
Raine,0
Arnett,0
Mansour,0
Fakhoury,0
Shalhoub,0
Laverick,0
Tips,0
Mohamed,0
Joseph,0
Essa,0
Allard,0
Shu,1
Nowak,0
Plummer,0
Elsdon,0
Hadad,0
Srour,0
Hajjar,0
Dunning,0
Troon,0
Sleiman,0
Fitch,0
Froy,0
Baz,0
Mcconnell,0
Totah,0
Isa,0
Tuma,0
Gaber,0
Xiao,1
Mortimer,0
Halabi,0
Toal,0
Gok,1
Srour,0
Dorrian,0
Gonzalez,0
Najjar,0
Whitlock,0
Pike,0
Qureshi,0
Sisson,0
Helley,0
Stubbs,0
Prince,0
Tannous,0
Que,1
Kibblewhite,0
Raven,0
Basara,0
Hilton,0
Jewson,0
Kilbee,0
Gaber,0
Abadi,0
Yusuf,0
Picot,0
Sherriff,0
Hutchinson,0
Elms,0
Halabi,0
Milligan,0
Isman,0
Bethell,0
Pinder,0
Boutros,0
Upsdell,0
Rosenbloom,0
Pyle,0
Gan,1
Keir,0
Linley,0
Oaks,0
Neville,0
Steer,0
Daher,0
Odriscoll,0
Rainey,0
Oneil,0
Quraishi,0
Durand,0
Naifeh,0
Kanaan,0
Jolly,0
Naifeh,0
Kassis,0
Coll,0
Toma,0
Hakimi,0
Bishara,0
Zogby,0
Jefford,0
Batt,0
Innalls,0
Hopwood,0
Kalb,0
Masters,0
Nero,0
Greig,0
Qureshi,0
Vancoller,0
Yin,1
Ayley,0
Denney,0
Valmary,0
Kenward,0
Oatridge,0
Ghanem,0
Colley,0
Kassis,0
Khouri,0
Aspinall,0
Thirlway,0
Antoun,0
Pilkington,0
Adkins,0
Dean,0
Asker,0
Harb,0
Qureshi,0
Speed,0
Richardson,0
Atiyeh,0
Khoury,0
Sarraf,0
Newstead,0
Rivers,0
Mooney,0
Osborn,0
Plant,0
Frey,0
Nader,0
Basara,0
Holland,0
Handley,0
Odling,0
Paine,0
Nassar,0
Eansworth,0
Tugwell,0
Neeson,0
Underdown,0
Mifsud,0
Carr,0
Mustafa,0
Ghannam,0
Botros,0
Essam,0
Naifeh,0
Spencer,0
Ghanem,0
Twiggs,0
Gibbon,0
Aikman,0
Geyer,0
Yang,1
Rawlings,0
Mcdonnell,0
Tunstall,0
Marsh,0
Atiyeh,0
Baz,0
Abadi,0
Botros,0
Ibbs,0
Saxton,0
Kalb,0
Chapman,0
Hetherington,0
Templar,0
Fairclough,0
Abadi,0
Nicholas,0
Markham,0
Macmillan,0
Quraishi,0
Abadi,0
Fowley,0
Exton,0
Dyde,0
Rigley,0
Dickinson,0
Richman,0
Daher,0
Asghar,0
Page,0
Watson,0
Gaber,0
Otoole,0
Titmus,0
Imran,0
Khoury,0
Nightingale,0
Najjar,0
Mill,0
Stanford,0
Gaber,0
Mcghee,0
Maloof,0
Damon,0
Mundy,0
Sarraf,0
Mifsud,0
Grundy,0
Thomas,0
Asghar,0
Quigley,0
Samaha,0
Mcleod,0
Mclellan,0
Aswad,0
Dreyer,0
Ritchie,0
Asker,0
Mifsud,0
Jeffries,0
Hanania,0
Hutton,0
Walpole,0
Hale,0
Sawyer,0
Vallins,0
Chung,0
Poon,0
Boutros,0
Duan,1
Leake,0
Attia,0
Eldeston,0
Almasi,0
Ballantyne,0
Mifsud,0
Wilson,0
Wasem,0
Easdown,0
Shanks,0
Owen,0
Worrall,0
South,0
Benjamin,0
Frazer,0
Lawrie,0
Grogan,0
Rahal,0
Attewell,0
Jewitt,0
Nazari,0
Thurman,0
Wears,0
Grennan,0
Rogerson,0
Flaxman,0
Essa,0
Ba,0
Groom,0
Bei,1
Lattimore,0
Warner,0
Mccann,0
Barton,0
Baz,0
Ganem,0
Asghar,0
Arian,0
Caddy,0
Haines,0
Heatley,0
Nassar,0
Topp,0
Masih,0
Dickson,0
Atiyeh,0
Sabbagh,0
Arian,0
Kerrell,0
Keys,0
Burn,0
Mansour,0
Zogby,0
Cheshire,0
Tahan,0
Tinkler,0
Cham,0
Clayton,0
Armstrong,0
Fakhoury,0
Poulter,0
Ganem,0
Malouf,0
Ashley,0
Burford,0
Gim,1
Ireson,0
Gilbert,0
Khouri,0
Topliss,0
Cronin,0
Hellier,0
Cavanagh,0
Kwei,1
Halabi,0
Cheung,0
Frostick,0
Parish,0
Ormston,0
Hodgkinson,0
Easdale,0
Khoury,0
Dowling,0
Hadad,0
Neary,0
Gaber,0
Fish,0
Maroun,0
Kassis,0
Eggby,0
Werrett,0
Dobson,0
Davy,0
Amari,0
Samaha,0
Impey,0
Shamon,0
Wootton,0
Atiyeh,0
Haddad,0
Dagher,0
Totah,0
Turner,0
Sabbag,0
Macdonald,0
Elvins,0
Tayler,0
Olding,0
Yin,1
Pollock,0
Malouf,0
Ball,0
Dick,0
Fitzsimmons,0
Felix,0
Antoun,0
Moghadam,0
Nurse,0
Lancaster,0
Howell,0
Foston,0
Nader,0
Koury,0
Tatlock,0
Humphrey,0
Fei,1
Riddell,0
Dagher,0
Weaver,0
Hanania,0
Ghannam,0
Hansen,0
Humphries,0
Eckersley,0
Simon,0
Salib,0
Atiyeh,0
Mifsud,0
Watkins,0
Tuma,0
Currie,0
Godwin,0
Manson,0
Enticott,0
Truscott,0
Antar,0
Phillips,0
Liddell,0
Walters,0
Arian,0
Atiyeh,0
Daher,0
Whittingham,0
Turton,0
Dorman,0
Sellars,0
Radford,0
Virgo,0
Handal,0
Trollope,0
Stokes,0
Falsh,0
Cousins,0
Donnachie,0
Mustafa,0
Totah,0
Duke,0
Pitchford,0
Marr,0
Khalifa,0
Desai,0
Brooke,0
Cooke,0
Price,0
Sarkis,0
Unwin,0
Greenslade,0
Samuels,0
Salter,0
Everill,0
Eatherington,0
Kelsey,0
Patchett,0
Vale,0
Sum,1
Tuma,0
Tuma,0
Abboud,0
Nader,0
Qiao,1
Addams,0
Nassar,0
Essop,0
Ferns,0
Chaim,1
Fields,0
Sheridan,0
Falk,0
Bourne,0
Woodcock,0
Lobb,0
Saville,0
Hyde,0
Nanson,0
Zhen,1
Ganim,0
Khoury,0
Blackburn,0
Drury,0
Philpott,0
Lawson,0
Mifsud,0
Mckee,0
Kearney,0
Given,0
Nader,0
Kingdon,0
Longworth,0
Shamoon,0
Naifeh,0
Basara,0
Cuan,1
Woolley,0
Shadid,0
Nartey,0
Nason,0
Fellmen,0
Daniel,0
Marsden,0
Leyland,0
Shadid,0
Thorpe,0
Watkinson,0
Tarr,0
Shuttleworth,0
Peat,0
Jordon,0
Close,0
Mcdermott,0
Xun,1
Lilly,0
Killick,0
Keal,0
Qureshi,0
Mansour,0
Tait,0
Hanania,0
Gaber,0
Povey,0
Dallas,0
Ennis,0
Hawes,0
Shackleton,0
Waite,0
Chu,1
Docherty,0
Overfield,0
Barr,0
Willett,0
Maroun,0
Nutman,0
Weng,1
Bitar,0
Toma,0
Kattan,0
Kaye,0
Nolan,0
Wei,1
Buchan,0
Debenham,0
Bishara,0
Mansour,0
Lomax,0
Edeson,0
Fereday,0
Voakes,0
Eames,0
Seow,1
Granger,0
Kinnaird,0
Lowes,0
Antar,0
Lai,1
Zogby,0
Sleiman,0
Liao,1
Cochrane,0
Laird,0
Christy,0
Haddad,0
Saliba,0
Gerges,0
Mills,0
Naifeh,0
Shamoon,0
Knights,0
Lofthouse,0
Kearns,0
Mcmillan,0
Koury,0
Inson,0
Antar,0
Reisser,0
Shammas,0
Edwick,0
Kassis,0
Wileman,0
Touma,0
Kalb,0
Khouri,0
Aubrey,0
Deeb,0
Baba,0
Furnell,0
Rowson,0
Louth,0
Tze,1
Koury,0
Blake,0
Fletcher,0
Assaf,0
Toma,0
Willis,0
Shamon,0
Fotheringham,0
Meadows,0
Tuma,0
Wasem,0
Maalouf,0
Collett,0
Nader,0
Leyshon,0
Kouri,0
Derrick,0
Harb,0
Foley,0
Arian,0
Totah,0
Vodden,0
Gibbs,0
Asfour,0
Ahern,0
Ling,0
Warburton,0
Denham,0
Boon,0
Rodriguez,0
Rahal,0
Allcott,0
Emmons,0
Oddy,0
Drewett,0
Chandler,0
Judd,0
Sarkis,0
Lewry,0
Hickey,0
Rogers,0
Artliff,0
Koury,0
Johnston,0
Oldroyd,0
Ludgrove,0
Yang,0
Dougherty,0
Kassab,0
Goodwin,0
Ellard,0
Nobbs,0
Simmons,0
Callow,0
Gately,0
Shalhoub,0
Jebson,0
Tyman,0
Villis,0
Attwood,0
Asom,0
Beatty,0
Rice,0
Bishara,0
Zha,1
Atiyeh,0
Arian,0
Tannous,0
Timms,0
Speight,0
Glossop,0
Abboud,0
Grey,0
Royall,0
Dalton,0
Touma,0
Goodall,0
Khoury,0
Seif,0
Levy,0
Kenny,0
Easterbrook,0
Atiyeh,0
Forrester,0
Breen,0
Gold,0
Tindell,0
Carty,0
Cham,0
Hammond,0
Asghar,0
Bahar,0
Juan,1
Funnell,0
Najjar,0
Qian,1
Fakhoury,0
Wasem,0
Asghar,0
Hawkins,0
Ducon,0
Ashbrook,0
Shamoun,0
Beattie,0
Handal,0
Inker,0
Lakin,0
Hussain,0
Ashe,0
Grady,0
Keeler,0
Pickthall,0
Dooley,0
Johnson,0
Elliman,0
Leitch,0
Darr,0
Towers,0
Nader,0
Nader,0
Farrant,0
Eason,0
Mustafa,0
Dent,0
Kassab,0
Touma,0
Renshaw,0
Jeffreys,0
Gibson,0
Botros,0
Totten,0
Gaber,0
Parsons,0
Kouri,0
Riddler,0
Joyce,0
Guirguis,0
Rosser,0
Siew,1
Hook,0
Bitar,0
Handal,0
Emmerson,0
Nicolson,0
Singleton,0
Mifsud,0
Elbutt,0
Jewell,0
Handal,0
Koury,0
Safar,0
Macarthur,0
Sturrock,0
Dingle,0
Ingham,0
Mccallum,0
Guirguis,0
Kershaw,0
Malouf,0
Khan,0
Naifeh,0
Liu,1
Dell,0
Fall,0
Aswad,0
Khouri,0
Roden,0
Vinton,0
Judge,0
Almasi,0
Laws,0
Atter,0
Hadad,0
Randle,0
Ransom,0
Allen,0
Ayling,0
Lynch,0
Ghanem,0
Tully,0
Woodhall,0
Khoury,0
Shalhoub,0
Bazzi,0
Rahal,0
Richter,0
Kidner,0
Verney,0
Walkden,0
Oloughlin,0
Robin,0
Tahan,0
Storer,0
Kirkland,0
Mcauley,0
Oates,0
Hoult,0
Brock,0
Jermy,0
Blythe,0
Aswad,0
Day,0
Stedman,0
Xian,1
Ewart,0
Waterman,0
Keffler,0
Duffy,0
Zhui,1
Paton,0
Nazari,0
Whalley,0
Devlin,0
Nader,0
Sarkis,0
Flanagan,0
Bedford,0
Tsang,1
Levine,0
Moghadam,0
Nahas,0
Tuck,0
Darbyshire,0
Lindo,0
Burnett,0
Tindall,0
Appleby,0
Kassis,0
Purvis,0
Foden,0
Whittington,0
Rawlinson,0
Frith,0
Tahan,0
Ferris,0
Roffey,0
Toma,0
Hodson,0
Newington,0
Thornes,0
Ghanem,0
Phelan,0
Asghar,0
Boutros,0
Sabbag,0
Sarkis,0
Leaver,0
Neilson,0
Tedd,0
Gerges,0
Travers,0
Boutros,0
Macpherson,0
Petrova,0
Gaynor,0
Griggs,0
Greenall,0
Deeb,0
Earley,0
Jubb,0
Ranks,0
Rickards,0
Peach,0
Cham,0
Wright,0
Rhys,0
Goff,0
Ding,1
Lucas,0
Pickford,0
Costello,0
Gui,1
Haddad,0
Ganem,0
Khoury,0
Guttridge,0
Dou,1
Ghannam,0
Oreilly,0
Beer,0
Khouri,0
Quraishi,0
Isa,0
Oxby,0
Sloan,0
Asghar,0
Chester,0
Boutros,0
Fakhoury,0
Boutros,0
Baba,0
Meakin,0
Somerville,0
Rahal,0
Moreno,0
Gardiner,0
Foucher,0
Downes,0
Oxtoby,0
Jervis,0
Seif,0
Said,0
Kram,0
Ingle,0
Issa,0
Hancock,0
Telford,0
Gai,1
Blair,0
Hanania,0
Antar,0
Awad,0
Mclaren,0
Nader,0
Sabbagh,0
Dandy,0
Ludkin,0
Linton,0
Forshaw,0
Essa,0
Gower,0
Najjar,0
Talbot,0
Shalhoub,0
Bullock,0
Tahan,0
Wall,0
Kassis,0
Golding,0
Smythe,0
Hanania,0
Keable,0
Larkin,0
Asghar,0
Jobson,0
Werner,0
Seif,0
Hallam,0
Safar,0
Daher,0
Carey,0
Morrison,0
Alsop,0
Kanaan,0
Issa,0
Khoo,1
Lovelock,0
Amner,0
Nader,0
Gamble,0
Sleiman,0
Kassis,0
Rawsthorne,0
Shammas,0
Torney,0
Whitmore,0
Oflynn,0
Munro,0
Ying,1
Kattan,0
Ganim,0
Wainwright,0
Mansour,0
Eslick,0
Gourlay,0
Kampfner,0
Tippins,0
Daniells,0
Guirguis,0
Ganem,0
Swift,0
Hakimi,0
Aldren,0
Michel,0
Rowan,0
Homer,0
Kelland,0
Najjar,0
Ba,0
Ferreira,0
Nutella,0
Masih,0
Kattan,0
Scott,0
Aziz,0
Hadad,0
Qureshi,0
Hakimi,0
Coulter,0
Goodchild,0
Duval,0
Fosse,0
Rodham,0
Rampling,0
Wicks,0
Hamnett,0
Mccall,0
Jenkin,0
Kinniburgh,0
Higgins,0
Torres,0
Arian,0
Tahan,0
Emms,0
Voyse,0
Sanders,0
Drysdale,0
Maalouf,0
Fairbrother,0
Vane,0
Jenas,0
Keelan,0
Mcnulty,0
Salib,0
Jue,1
Tatlow,0
London,0
Bentley,0
Woodhams,0
Crump,0
Danks,0
Bahar,0
Hakimi,0
Feng,1
Kilshaw,0
Bahar,0
Mcphee,0
Pannell,0
Hadfield,0
Pack,0
Walker,0
Haworth,0
Walling,0
Spears,0
Barrett,0
Cosgrove,0
Shadid,0
Vockins,0
Nazari,0
Wakeford,0
Child,0
Nader,0
Nassar,0
Chase,0
Atiyeh,0
Khouri,0
Showell,0
Cohen,0
Mcfadden,0
Moghadam,0
Naser,0
Horne,0
Kett,0
Keenan,0
Coombes,0
Shamoun,0
Maroun,0
Govier,0
Andrews,0
Jarvis,0
Moon,0
Isaac,0
Sleiman,0
Seif,0
Gilbey,0
Airey,0
Foxley,0
Hutchison,0
Huie,1
Gauk,1
Aswad,0
Copland,0
Ganem,0
Rann,0
Machin,0
Shamoon,0
Botros,0
Nelmes,0
Curtis,0
Kilb,0
Sampson,0
Kirkbright,0
Said,0
Jameson,0
Asghar,0
Ashby,0
Cleaver,0
Kane,0
Gleeson,0
Steel,0
Dolan,0
Cowell,0
Malouf,0
Elliot,0
Kassis,0
Feeney,0
Zogby,0
Nord,0
Aswad,0
Cleary,0
Chilvers,0
Espley,0
Thurston,0
Naser,0
Thurbon,0
Burman,0
Olivier,0
Garbett,0
Hodges,0
Mcgowan,0
Haggett,0
Timmins,0
Kristensen,0
Taurel,0
Jennson,0
Fossard,0
Shadid,0
Jeffery,0
Good,0
Doon,0
Loong,1
Snell,0
Greenway,0
Pan,1
Kattan,0
Najjar,0
Mustafa,0
Alden,0
Sayegh,0
Guirguis,0
Haik,0
Sabbagh,0
Guang,1
Naser,0
Aswad,0
Barron,0
Maalouf,0
Baz,0
Ghannam,0
Maroun,0
Altham,0
Farr,0
Kilbey,0
Kassis,0
Phelps,0
Lenihan,0
Mustafa,0
Pian,1
Reeves,0
Dermody,0
Moghadam,0
Stack,0
Tell,0
Kettell,0
Govender,0
Abboud,0
Pattinson,0
Craven,0
Shalhoub,0
Kassis,0
Ganem,0
Botros,0
Assaf,0
Srour,0
Batty,0
Tocher,0
Richmond,0
Russon,0
Bell,0
Berry,0
Deakin,0
Seddon,0
Yan,1
Reay,0
Laycock,0
Nazari,0
Ealy,0
Hampton,0
Barry,0
Deeb,0
Mcdonald,0
Karras,0
Adam,0
Purkis,0
Koury,0
Large,0
Toma,0
Bitar,0
Jerome,0
Frampton,0
Amari,0
Gallagher,0
Sarraf,0
Sarraf,0
Gilmour,0
Oakton,0
Said,0
Kassab,0
Nazari,0
Kalb,0
Wolf,0
Lucey,0
Spiller,0
Davidson,0
Keeble,0
Haddad,0
Fakhoury,0
Loat,0
Skinner,0
Trevor,0
Sabbagh,0
Beale,0
Tansey,0
Joynson,0
Lockie,0
Haik,0
Guilmard,0
Asker,0
Attia,0
Shalhoub,0
Sarraf,0
Gates,0
Edlington,0
Everton,0
Chu,1
Spinks,0
Hanania,0
Lacy,0
Khoury,0
Parratt,0
Buchanan,0
Killen,0
Whitelaw,0
Howarth,0
Newell,0
Vallory,0
Perks,0
Gorman,0
Moghadam,0
Nield,0
Awad,0
Ganem,0
Ormiston,0
Ganim,0
Fan,1
Wilton,0
Gallo,0
Aldworth,0
Kassis,0
Nazari,0
Roome,0
Hadad,0
Fakhoury,0
Nandi,0
Lyons,0
Heron,0
Wang,0
Wheatcroft,0
Dykes,0
Ganivet,0
Amari,0
Kerby,0
Almasi,0
Holdsworth,0
Tahan,0
Rolfe,0
Sayegh,0
Totah,0
Hajjar,0
Plastow,0
Allington,0
Hajjar,0
Toms,0
Sabbag,0
Zhuan,1
Bradshaw,0
Fogg,0
Selby,0
Cadman,0
Tannous,0
Sunderland,0
Naumann,0
Tuttle,0
Underhill,0
Sparkes,0
Samaha,0
Basara,0
Cham,0
Morcos,0
Ganim,0
Antar,0
Kidman,0
Winship,0
Chalmers,0
Kealey,0
Aderson,0
Pollard,0
Salib,0
Ba,0
Caton,0
Carling,0
Gibbins,0
Ould,0
Rollinson,0
Khouri,0
Towns,0
Feetham,0
Ranson,0
Mckeown,0
Oakey,0
Fischer,0
Tate,0
Shalhoub,0
Nader,0
Whelan,0
Franco,0
Moghadam,0
Michael,0
Rehman,0
Hinds,0
Singh,0
Mui,1
Zogby,0
Campbell,0
Corbett,0
Timney,0
Shadid,0
Jowitt,0
Waterhouse,0
Croft,0
Watling,0
Elwell,0
Saliba,0
Martins,0
Ireland,0
Tosh,0
Cox,0
Neighbour,0
Southern,0
Atkinson,0
Harding,0
Hadad,0
Faulkner,0
Haddad,0
Pooke,0
Ashdown,0
Elston,0
Mansour,0
Khoury,0
Swann,0
Gillies,0
Seif,0
Deeb,0
Naser,0
Levann,0
Hakimi,0
Geary,0
Botros,0
Abboud,0
Gordon,0
Water,0
Llewellyn,0
Mikhail,0
Moran,0
Viney,0
Guirguis,0
Vyner,0
Anderson,0
Middleton,0
Chan,0
Naifeh,0
Webber,0
Ayliffe,0
Kill,0
France,0
Pang,1
Zhuo,1
Hajjar,0
Doyle,0
Bass,0
Arian,0
Totah,0
Bingham,0
Costa,0
Negros,0
Gall,0
Geldard,0
Mustafa,0
Hardwick,0
Clements,0
Shadid,0
Daniels,0
Lamond,0
Toma,0
Kassab,0
Shui,1
Attia,0
Kouri,0
Newby,0
Alcock,0
Borland,0
Tallett,0
Kent,0
Kattan,0
Atiyeh,0
Connor,0
Reader,0
Mcnaught,0
Toma,0
Morcos,0
Gifford,0
Ohalloran,0
Samaha,0
Abadi,0
Alder,0
Hussey,0
Sayegh,0
Baron,0
Ba,0
Guirguis,0
Brooker,0
Nurton,0
Isbill,0
Wheeler,0
Boulos,0
Pateman,0
Mustafa,0
Harlow,0
Kay,0
Totah,0
Errington,0
Devaney,0
Hibbert,0
Hartley,0
Baba,0
Harrop,0
Haik,0
Quraishi,0
Were,0
Ellerby,0
Adsett,0
Fuller,0
Rosenblatt,0
Howden,0
Kernick,0
Sayers,0
Davenport,0
Baba,0
Tamber,0
Totah,0
Armsden,0
Rahal,0
Bone,0
Boutros,0
Gerges,0
Almasi,0
Haddad,0
Mar,1
Finnimore,0
Dunlop,0
Kamara,0
Najjar,0
Jarram,0
Ravenscroft,0
Maroun,0
Nicks,0
Wasem,0
Noonan,0
Amari,0
Althoff,0
Kinghorn,0
Dempster,0
England,0
Isa,0
Oulton,0
Almasi,0
Mifsud,0
Haddad,0
Doran,0
Devonport,0
Qureshi,0
Will,0
Tahan,0
Lomas,0
Shadid,0
Najjar,0
Fakhoury,0
Burr,0
Hinton,0
Abboud,0
Gillan,0
Samaha,0
Nahas,0
Naifeh,0
Nemeth,0
Fairley,0
Odam,0
Salib,0
Walls,0
Earle,0
Wotherspoon,0
Gilks,0
Pryor,0
Mcclymont,0
Diamond,0
Godden,0
Touma,0
Putt,0
Mcintosh,0
Jacobs,0
Mackay,0
Brandrick,0
Ottley,0
Chantler,0
Parnaby,0
Nassar,0
Tahan,0
Sleiman,0
Mai,1
Court,0
Ogilvie,0
Hastings,0
Leigh,0
Saliba,0
Said,0
Harb,0
Isa,0
Shadid,0
Velds,0
Hakimi,0
Aherne,0
Antar,0
Basara,0
Kattan,0
Khouri,0
Ivory,0
Alexandar,0
Mcewan,0
Clifford,0
Kitchin,0
Morcos,0
Grimes,0
Luscombe,0
Sarraf,0
Oakley,0
Antar,0
Woodley,0
Shamon,0
Hodgkins,0
Shi,1
Shannon,0
Thurling,0
Staff,0
Dover,0
Moghadam,0
Atiyeh,0
Daher,0
Amesbury,0
Eskins,0
Daher,0
Sadler,0
Oswald,0
Jenks,0
Dodson,0
Olsen,0
Eckersall,0
Robe,0
Shotton,0
Lockwood,0
Marshall,0
Rand,0
Khoury,0
Kelk,0
Daher,0
Thackeray,0
Abdi,0
Tahan,0
Huang,1
Inman,0
Kinsey,0
Chadwick,0
Shamoun,0
Ghannam,0
Nevins,0
Frost,0
Naifeh,0
Ohara,0
Eyre,0
Jevons,0
Tyler,0
Bickley,0
Brelsford,0
Egan,0
Shamon,0
Verdon,0
Luo,1
Dagher,0
Awad,0
Bazzi,0
Guo,1
Emmins,0
Sayegh,0
Kenneth,0
Duck,0
Mccartney,0
Gutteridge,0
Antar,0
Samaha,0
Shamon,0
Zaoui,0
Teale,0
Varey,0
Eggleston,0
Hajjar,0
Kanaan,0
Bishara,0
Reese,0
Overton,0
Qureshi,0
Antar,0
Cliff,0
Maroun,0
Abadi,0
Morcos,0
Myatt,0
Grange,0
Ghanem,0
Ettrick,0
Sabbag,0
Mikhail,0
Overing,0
Algar,0
Khouri,0
Napier,0
Kehoe,0
Dagher,0
Powers,0
Parry,0
Ran,1
Worthington,0
Adey,0
Hooton,0
Pope,0
Quraishi,0
Smithson,0
Howe,0
Tellis,0
Huan,1
Fakhoury,0
Srour,0
Poulton,0
Boulos,0
Said,0
Beal,0
Fawcett,0
Rumbold,0
Elder,0
Galloway,0
Sabbag,0
Depp,0
Leslie,0
Shamon,0
Swain,0
Fishlock,0
Rigby,0
Cham,0
Broughton,0
Khoury,0
Arnall,0
Eddy,0
Harker,0
Fagan,0
Boulos,0
Westgate,0
Younis,0
Yasmin,0
Harb,0
Kanaan,0
Bazzi,0
Min,1
Kidd,0
Xing,1
Farnsworth,0
Asfour,0
Okten,0
Etchells,0
Joss,0
Rayner,0
Nott,0
Shamoun,0
Grenard,0
Saliba,0
Maloof,0
Sarkis,0
Winder,0
Palfreyman,0
Toma,0
Ba,0
Nassar,0
Ganim,0
Utley,0
Noon,0
Kewley,0
Touma,0
Ryans,0
Moghadam,0
Saliba,0
Olley,0
Ridley,0
Ganem,0
Amari,0
Khouri,0
Attia,0
Fargher,0
Totah,0
Mustafa,0
Bishara,0
Assaf,0
Kattan,0
Malouf,0
Duckworth,0
Maalouf,0
Mustafa,0
Tipping,0
Brewer,0
Oneill,0
Shamoun,0
Calveley,0
Toma,0
Pinnock,0
Glasgow,0
Totah,0
Ingleby,0
Hepples,0
Duggan,0
Kinch,0
Cham,0
Lockhart,0
Ridge,0
Swan,0
Farrow,0
Render,0
Reilly,0
Koury,0
Fulleron,0
Moody,0
Eley,0
Shamoun,0
Pendleton,0
Pomeroy,0
Auton,0
Atherley,0
Abadi,0
Eng,1
Hickman,0
Antoun,0
Eccles,0
Alldritt,0
Wrenn,0
Truman,0
Sleiman,0
Calvert,0
Guirguis,0
Shen,1
Dudley,0
Oldham,0
Atterbury,0
Newbury,0
Lewin,0
Powles,0
Friel,0
Fakhoury,0
Samaha,0
Moghadam,0
Nielson,0
Gilder,0
Goring,0
Daher,0
Tuma,0
Malouf,0
Ashurst,0
Wickham,0
Isnard,0
Nourse,0
Dagher,0
Rudd,0
Jacques,0
Kirkwood,0
Seto,1
Fairchild,0
Addis,0
Lian,1
Sarraf,0
Goldman,0
Watt,0
Antoun,0
Mustafa,0
Millett,0
Mair,0
Kassis,0
Armitage,0
Norville,0
Said,0
Cham,0
Asfour,0
Burdett,0
Strong,0
Woolnough,0
Grivet,0
Linden,0
Ou-Yang,1
Millington,0
Fountain,0
Mak,1
Koury,0
Rowley,0
Lovett,0
Grosvenor,0
Tuma,0
Kinchin,0
Nader,0
Durant,0
Mifsud,0
Whitby,0
Yates,0
Goble,0
Allman,0
Myers,0
Budd,0
Mcgill,0
Bassett,0
Tang,0
Bishara,0
Halford,0
Jaffray,0
Gresham,0
Ghanem,0
Gunter,0
Atiyeh,0
Armour,0
Falconer,0
Tuma,0
Quinn,0
Welsh,0
Vinicombe,0
Roberts,0
Pinkney,0
Orton,0
Philips,0
Abboud,0
Malouf,0
Hadad,0
Weasley,0
Zhi,1
Isa,0
Elmore,0
Assaf,0
Fisk,0
Antoun,0
Evason,0
Handal,0
Ellwood,0
Forde,0
Totah,0
Qureshi,0
Handal,0
Emery,0
Yeardley,0
Mikhail,0
Moghadam,0
Ruff,0
Nader,0
Wheeldon,0
Newlands,0
Stretton,0
Mansell,0
Daher,0
Deans,0
Antar,0
Botros,0
Eade,0
Rahal,0
Eddison,0
Uddin,0
Said,0
Hakimi,0
Bishop,0
Fakhoury,0
Brady,0
Bitar,0
Rushton,0
Maroun,0
Davey,0
Robb,0
Uttridge,0
Kelliher,0
Ghannam,0
Alam,0
Henderson,0
Tuma,0
Seif,0
Ogilvy,0
Bitar,0
Sayegh,0
Boulos,0
Ward,0
Kattan,0
Kassell,0
Totah,0
Cai,1
Kassis,0
Crossley,0
Fretwell,0
Zhong,1
Dillon,0
Mawson,0
Lawn,0
Assaf,0
Eggison,0
Cross,0
Dawe,0
Abadi,0
Patrick,0
Mcguinness,0
Gray,0
Bright,0
Handal,0
Asker,0
Kelso,0
Kanaan,0
Lathey,0
Almasi,0
Tolmay,0
Goode,0
Kattan,0
Kassab,0
Ilsley,0
Yee,1
Alanson,0
Gooding,0
Marriott,0
Nanton,0
Safar,0
Won,1
Stanfield,0
Lyon,0
Cummins,0
Uttley,0
Barrow,0
Lane,0
Cham,0
Fagon,0
Shaughnessy,0
Sugden,0
Zogby,0
Mifsud,0
Loudon,0
Wildman,0
Chin,1
Cottrell,0
Haddad,0
Savage,0
Leach,0
Mifsud,0
Garrard,0
Kirkman,0
Sayegh,0
Hough,0
Ulyatt,0
Bear,0
Yeldon,0
Cham,0
Archer,0
Ullmann,0
Cullen,0
Kelsall,0
Gunby,0
Senior,0
Bond,0
Erridge,0
Bitar,0
Rackham,0
Number,0
King,0
Nassar,0
Handal,0
Mifsud,0
Epsom,0
Dale,0
Forsythe,0
Kassis,0
Bird,0
Albutt,0
Basara,0
Tansley,0
Wood,0
Coleman,0
Abrams,0
Rahal,0
Veitch,0
Awad,0
Touma,0
Shamoun,0
Finnegan,0
Assaf,0
Mansour,0
Fitton,0
Bouvet,0
Newcombe,0
Exon,0
Long,1
Perez,0
Dawes,0
Hadden,0
Kalb,0
Lowrie,0
Wakefield,0
Boulton,0
Earing,0
Gaber,0
Boutros,0
Safar,0
Crowley,0
Overett,0
Isa,0
Powell,0
Cheung,1
Pitts,0
Peebles,0
Touma,0
Trinder,0
Nahas,0
Kensington,0
Chew,1
Qureshi,0
Ranger,0
Matthams,0
Essa,0
Freedman,0
Dornan,0
Griffin,0
Docker,0
Anwar,0
Edge,0
Fakhoury,0
Shammas,0
Keane,0
Sharp,0
Zogby,0
Ghannam,0
Redfern,0
Ainsworth,0
Malouf,0
Eccleston,0
Sayegh,0
Roff,0
Zogby,0
Lightfoot,0
Malouf,0
Levin,0
Haik,0
Aswad,0
Parkin,0
Sayegh,0
Antar,0
Koury,0
Mccaffrey,0
She,1
Rodgers,0
Foulkes,0
Leary,0
Ogden,0
Tapscott,0
Daher,0
Le tissier,0
Jacob,0
Isherwod,0
Pailing,0
Keegan,0
Sayegh,0
Ferdinand,0
Tuma,0
Dyerson,0
Tahan,0
Freight,0
Winn,0
Kouri,0
Allum,0
Said,0
Stephenson,0
Wilkes,0
Gadsden,0
Cowan,0
Trent,0
Jonas,0
Anscombe,0
Newham,0
Fothergill,0
Botros,0
Shamon,0
Robson,0
Kaddour,0
Mcphail,0
Baird,0
Pattison,0
Amari,0
Najjar,0
Omalley,0
Lowry,0
Edgerton,0
Griff,0
Yeoman,0
Otten,0
Youssouf,0
Nazari,0
Lamb,0
Bahar,0
Cockburn,0
Said,0
Openshaw,0
Weldon,0
Sabbag,0
Simpson,0
Hanania,0
Neaverson,0
Kalb,0
Baba,0
Morcos,0
Shearer,0
Sheehan,0
Guirguis,0
Eden,0
Nielsen,0
Norman,0
Froggett,0
Quraishi,0
Ashworth,0
Mcloughlin,0
Peng,1
Nahas,0
Ferrier,0
Veasey,0
Blundell,0
Addley,0
Kassab,0
Kydd,0
Roles,0
Norburn,0
Exley,0
Olan,0
Langford,0
Boyd,0
Nelms,0
Najjar,0
Durrant,0
Sullivan,0
Bata,0
Saliba,0
Sleiman,0
Bazzi,0
Binnington,0
James,0
Morcos,0
Woodhouse,0
Abboud,0
Kiely,0
Kattan,0
Salib,0
Ironmonger,0
Kau,1
Isgate,0
Fewtrell,0
Walshe,0
Easton,0
Nahas,0
Rennalls,0
Vickerman,0
Haigh,0
Nixon,0
Assaf,0
Asker,0
Cashmore,0
Salisbury,0
Awad,0
Parks,0
Fearon,0
Whyte,0
Halliwell,0
Shammas,0
Templeton,0
Sarkis,0
Dutt,0
Awad,0
Shaw,1
Naylor,0
Corr,0
Haddad,0
Gunston,0
Cham,0
Noyce,0
Quinton,0
Assaf,0
Mansour,0
Worsnop,0
Mccormick,0
Mansour,0
Srour,0
Dagher,0
Ocallaghan,0
Tian,1
Jowett,0
Rees,0
Legg,0
Wellman,0
Dagher,0
Nahas,0
Meng,1
Hussein,0
Heath,0
Farhall,0
Yorston,0
Townsley,0
Khu,1
Davison,0
Jeffcock,0
Clowes,0
Morcos,0
Urwin,0
Mccluskey,0
Crown,0
Noyes,0
Harry,0
Garvey,0
Gosling,0
Deeb,0
Bata,0
Dacey,0
Bahar,0
Litchfield,0
Pagan,0
Thorne,0
Lindop,0
Furse,0
Strange,0
Burland,0
Chaplin,0
Windsor,0
Venables,0
Sayegh,0
Sabbag,0
Kearton,0
Abboud,0
Shakespeare,0
Townsend,0
Saliba,0
Nassar,0
Sneddon,0
Parrott,0
Boden,0
Ackroyd,0
Colman,0
Turland,0
Salib,0
Davies,0
Saliba,0
Nelson,0
Pugh,0
Abraham,0
Leighton,0
Leadley,0
Pelling,0
Jin,1
Cotter,0
Harkness,0
Charles,0
Daher,0
Rixon,0
She,1
Woodhead,0
Pennell,0
Hogg,0
Pullen,0
Aylett,0
Varley,0
Macfarlane,0
Dalzell,0
Butcher,0
Collard,0
Shamon,0
Mcpherson,0
Sam,1
Jarman,0
Bata,0
Attia,0
Tse,1
Srour,0
Lockett,0
Kilbride,0
Boutros,0
Naifeh,0
Ellery,0
Epton,0
Kingston,0
Morcos,0
Kingsley,0
Antar,0
Lanham,0
Mikhail,0
Gerges,0
Bitar,0
Tannous,0
Westwell,0
Koury,0
Robins,0
Doolin,0
Hassan,0
Otter,0
Sui,1
Salib,0
Iggleden,0
Seah,1
Najjar,0
Khouri,0
Shamoun,0
Barber,0
Mckenzie,0
Mifsud,0
Morcos,0
Jenkinson,0
Bitar,0
Ealham,0
Firth,0
Pasfield,0
Shammas,0
Aswad,0
Farnworth,0
Abel,0
Peace,0
Whittle,0
Fakhoury,0
Aird,0
Baines,0
Hackett,0
Sabbag,0
Love,0
Masih,0
Piper,0
Hughes,0
Appleton,0
Macleod,0
Last,0
Oram,0
Russell,0
Lawal,0
Mcneil,0
Stroud,0
Helm,0
Wraight,0
Curran,0
Deeb,0
Rigg,0
Copeland,0
Zhu,1
Stark,0
Ackary,0
Peterson,0
Gascoyne,0
Leckie,0
Heathcote,0
Blakeley,0
Kavanagh,0
Jakeman,0
Kassab,0
Glennie,0
Boutros,0
Felton,0
Santos,0
Quraishi,0
Handal,0
Stephen,0
Blackman,0
Broadbent,0
Holding,0
Freeman,0
Bloggs,0
Wigley,0
Awad,0
Whittaker,0
Stocker,0
Turrell,0
Nassar,0
Ganim,0
Fenn,0
Hadad,0
Tudor,0
Mustafa,0
Nie,1
Allcock,0
Gerges,0
Morgan,0
Nessbert,0
Glasby,0
Rowland,0
Howie,0
Iddon,0
Fairbairn,0
Zogby,0
Cham,0
Fenton,0
Barnard,0
Mifsud,0
Amari,0
Dobbin,0
Haddad,0
Kenyon,0
Hadad,0
Baz,0
Collins,0
Guirguis,0
Zhan,1
Maughan,0
Vikers,0
Whitworth,0
Corlett,0
Tasker,0
Ellison,0
Cummings,0
Mustafa,0
Stamp,0
Botros,0
Dimmock,0
Dwyer,0
Elmes,0
Shalhoub,0
Flannery,0
Orbell,0
Abboud,0
Haik,0
Gerges,0
Wilkin,0
Foreman,0
Liang,1
Summers,0
Piercey,0
Stanton,0
Timson,0
Shammas,0
Lawton,0
Koury,0
Assaf,0
Attia,0
Quraishi,0
Sarraf,0
Quraishi,0
Rousset,0
Almasi,0
Seif,0
Nader,0
Totah,0
Forbes,0
Escott,0
Shamon,0
Haik,0
Ollerhead,0
Arian,0
Jiu,1
Morris,0
Handal,0
Arscott,0
Hunt,0
Patton,0
Sarkis,0
Trueman,0
Mustafa,0
Galvin,0
Vallance,0
Anker,0
Ba,0
Gandham,0
Wrigglesworth,0
Boutros,0
Essa,0
Sabbag,0
Renna,0
Hawker,0
Shammas,0
Shamoon,0
Abadi,0
Fielding,0
Payne,0
Cornish,0
Sharples,0
Duffield,0
Quan,1
Samaha,0
Awad,0
Wane,0
Reardon,0
Gene,0
Ashbridge,0
Perrett,0
Evrard,0
Nettleton,0
Mustafa,0
Mansour,0
Odonnell,0
Curry,0
Bate,0
Gerges,0
Latham,0
Lendon,0
Chappell,0
Buckley,0
Darlington,0
Makin,0
Isa,0
Ahmed,0
Mccabe,0
Percival,0
Tierney,0
Kalb,0
Malouf,0
Coles,0
Cassidy,0
Maalouf,0
Bishara,0
Sayegh,0
Peal,0
Srour,0
Oakes,0
Macintyre,0
Walter,0
Burns,0
Tuckey,0
Richards,0
Cham,0
Najjar,0
Rowlands,0
Partington,0
Mackenzie,0
Moghadam,0
Zong,1
Qing,1
Sleiman,0
Bahar,0
Gerges,0
Ronald,0
Purse,0
Carson,0
Parr,0
Robertson,0
Leeming,0
Touma,0
Keyte,0
Wei,1
Shammas,0
Malouf,0
Auborn,0
Passmore,0
Shadid,0
Conway,0
Stenhouse,0
Flack,0
Perkins,0
Churchill,0
Casey,0
Travill,0
Oldfield,0
Ghannam,0
Driscoll,0
Broadhurst,0
Reddy,0
Zogby,0
Alker,0
Kimber,0
Donlan,0
Barnes,0
Youlden,0
Maloof,0
Lowe,0
Kanaan,0
Yep,1
Batchelor,0
Morley,0
Steward,0
Fortin,0
Thorp,0
Turke,0
Matthews,0
Dagher,0
Elworthy,0
Isa,0
Antar,0
Dervish,0
Yarnall,0
Downton,0
Bland,0
Oconnell,0
Leroy,0
Towle,0
Cairns,0
Asker,0
Oriley,0
Nicolas,0
Bahar,0
Kitching,0
Snelling,0
Bazzi,0
Essa,0
Rahal,0
Nazari,0
Poyser,0
Nickolls,0
Hadad,0
Wasem,0
Salt,0
Maddocks,0
Wakeham,0
Sargent,0
Kassis,0
Awad,0
Vickars,0
Robinson,0
Victor,0
Huo,1
Basara,0
Magee,0
Proctor,0
Westwood,0
Khoury,0
Fitzpatrick,0
Kilner,0
Kassis,0
Boutros,0
Frusher,0
Ganim,0
Nahas,0
Allan,0
Milford,0
Lilley,0
Vickery,0
Field,0
Darcy,0
Kenworthy,0
Hopkinson,0
Shamoon,0
Dicker,0
Awad,0
Sleiman,0
Leeson,0
Morcos,0
Dougal,0
Titmarsh,0
Chai,1
Fearnley,0
Fairhurst,0
Hajjar,0
Yap,1
Hadad,0
Dowson,0
Elmhirst,0
Isa,0
Bazzi,0
Masih,0
Halabi,0
Conroy,0
Prentice,0
Illingworth,0
Morton,0
Raval,0
Kenneford,0
Mcarthur,0
Mansour,0
Haik,0
Mullins,0
Mcmahon,0
Bradbury,0
Arrowsmith,0
Knightley,0
Sanderson,0
Thien,1
Toland,0
Fricker,0
Nahas,0
Houston,0
Nova,0
Ba,0
Bahar,0
Isa,0
Bayliss,0
Sayegh,0
Entwistle,0
Kassis,0
Iles,0
Browning,0
Antar,0
Batten,0
Charnock,0
Hawkridge,0
Heywood,0
Warriner,0
Butler,0
Nassar,0
Durber,0
Franklin,0
Waters,0
Gale,0
Lim,1
Tompkin,0
Mifsud,0
Chou,1
Frankland,0
Tuma,0
Kassis,0
Gerges,0
Brooks,0
Hemmings,0
Mitchell,0
Knowler,0
Rippin,0
Mifsud,0
Yun,1
Geaney,0
Almasi,0
Geng,1
George,0
Walton,0
Daugherty,0
Greaves,0
Kouri,0
Carney,0
Harb,0
Templeman,0
Shamon,0
Bian,1
Luxton,0
Kimble,0
Ow-Yang,1
Naifeh,0
Redding,0
Zogby,0
Fernyhough,0
Livingstone,0
Crouch,0
Houghton,0
Ronflard,0
Deeb,0
Chan,1
Tahan,0
Webster,0
Boutros,0
Bata,0
Shamoon,0
Squires,0
Hawtin,0
Rahal,0
Hanlon,0
Tahan,0
Niu,1
Harb,0
Jennings,0
Arian,0
Unsworth,0
Cook,0
Gaber,0
Knab,0
Asghar,0
Conneely,0
Hall,0
Guo,1
Peyton,0
Ludlow,0
Hadad,0
Baz,0
Gomez,0
Rutherford,0
Ware,0
Long,0
Jennison,0
Kui,1
Vaughn,0
Marlow,0
Oxenham,0
Haik,0
Niles,0
Errity,0
Garland,0
Alford,0
Holloway,0
Charlton,0
Allport,0
Houlton,0
Kaufman,0
Asker,0
Ganim,0
Seif,0
Sabbagh,0
Asghar,0
Sleiman,0
Ba,0
Fullerton,0
Sabbagh,0
Khoury,0
Srour,0
Nicholls,0
Issa,0
Booth,0
Cao,1
Wang,1
Furniss,0
Welton,0
Gallacher,0
Quraishi,0
Mikhail,0
Donohoe,0
Trigg,0
Wither,0
Plumb,0
Xuan,1
Doherty,0
Pitt,0
Ashcroft,0
Shamoon,0
Maroun,0
Ekin,0
Temple,0
Kalb,0
Koury,0
Luke,0
Deacon,0
Osullivan,0
Stuckey,0
Waterfield,0
Western,0
Odea,0
Fraser,0
Yeardsley,0
Sabbag,0
Mifsud,0
Yarwood,0
Rapson,0
Mckay,0
Rickard,0
Bai,1
Asker,0
Saliba,0
Greenhill,0
Quraishi,0
Elven,0
Owings,0
Izzard,0
Abadi,0
Dalby,0
Morcos,0
Palin,0
Birch,0
Foss,0
Inglefield,0
Malley,0
Naser,0
Morcos,0
Driffield,0
Acton,0
Downer,0
Howes,0
Xie,1
Lame,0
Slade,0
Crawford,0
Wan,1
Naifeh,0
Pedley,0
Abbey,0
Gaber,0
Waller,0
Kenning,0
Grose,0
Sallis,0
Addison,0
Salib,0
Shamon,0
Bowen,0
Jiao,1
Hiu,1
Ramm,0
Steele,0
Kingscott,0
Atterton,0
Trafford,0
Downing,0
Rahal,0
Finbow,0
Kenrick,0
Samaha,0
Eaton,0
Thoms,0
Ghanem,0
Frame,0
Esan,0
Peck,0
Kerrigan,0
Samaha,0
Mohammed,0
Elling,0
Nilsen,0
Lord,0
Mansour,0
Small,0
Bahar,0
Leahy,0
Turnham,0
Nader,0
Doble,0
Amod,0
Kysel,0
Jems,0
Norgrove,0
Haddad,0
Attia,0
Levett,0
Lunt,0
Agar,0
Wells,0
Neyland,0
Morcos,0
Jupp,0
Allkins,0
Baba,0
Masih,0
Crosby,0
Hand,0
Warwick,0
Amari,0
Tahan,0
Street,0
Boutros,0
Greenaway,0
Inglethorpe,0
Sarraf,0
Holder,0
Wooldridge,0
Lees,0
Leck,0
Bishara,0
Okey,0
Andrew,0
Quraishi,0
Kanaan,0
Maalouf,0
Ling,1
Harman,0
Smullen,0
Salib,0
Main,0
Chong,0
Forman,0
Sarraf,0
Basara,0
Bridges,0
Porter,0
Rahal,0
Draper,0
Aylward,0
Jesson,0
Avenue,0
Allgood,0
Topham,0
Mack,0
Benson,0
Pierce,0
Partridge,0
Kiddle,0
Elsmore,0
Ebden,0
Botros,0
De ath,0
Thorley,0
Dagher,0
Johannson,0
Florey,0
Horner,0
Frederikson,0
Ghannam,0
Amari,0
Masih,0
Schmidt,0
Brook,0
Chapple,0
Malouf,0
Haslam,0
Bahar,0
Lennard,0
Said,0
Jewett,0
Mcdougall,0
Fakhoury,0
Sabbagh,0
Noble,0
Baz,0
Shalhoub,0
Aswad,0
Au-Yong,1
Tilley,0
Turnock,0
Girling,0
Leonard,0
Farre,0
Tong,1
Freeburn,0
Potts,0
Cockle,0
Whiteley,0
Koury,0
Martin,0
Sabbag,0
Shamon,0
Hardy,0
Egleton,0
Kirkbride,0
Law,1
Jopson,0
Qiu,1
Handal,0
Ryan,0
Yule,0
Robert,0
Goddard,0
Abboud,0
Tyne,0
Finn,0
Layton,0
Fowler,0
Safar,0
Masih,0
Shi,1
Daly,0
Matheson,0
Stainton,0
Sarraf,0
Atkin,0
Xin,1
Antoun,0
Penn,0
Mctaggart,0
Grinham,0
Kingman,0
Malouf,0
Antar,0
Antoun,0
David,0
Mao,1
Handal,0
Johns,0
Wasem,0
Veale,0
Kouma,0
Bishara,0
Reasbeck,0
Teal,0
Pascoe,0
Smallwood,0
Collingwood,0
Stringer,0
Tahan,0
Millar,0
Nader,0
Bryson,0
Cham,0
Attia,0
Salmon,0
Reygan,0
Bull,0
Cartwright,0
Twine,0
Baz,0
Mikhail,0
Robishaw,0
Knight,0
Etherton,0
Goulden,0
Toma,0
Wrench,0
Sanchez,0
Mears,0
Peters,0
Issac,0
Daher,0
Cameron,0
Notman,0
Haik,0
Dodds,0
Kipling,0
Touma,0
Loughran,0
Yue,1
Teoh,1
Greenwood,0
Osmond,0
Lonsdale,0
Torrens,0
Alway,0
Halabi,0
Ganim,0
Shamoon,0
Gibb,0
Fitchett,0
Botros,0
Almasi,0
Assaf,0
Kouri,0
Linford,0
Sheldon,0
Hedley,0
Thornhill,0
Buxton,0
Naifeh,0
Pereira,0
Shepherd,0
Kenney,0
Maalouf,0
Seif,0
Attia,0
Burton,0
Klein,0
Maalouf,0
Knighton,0
Harb,0
Wagstaff,0
Parkinson,0
Hadad,0
Creasey,0
Melia,0
Koury,0
Curley,0
Kassis,0
Edmond,0
Cham,0
Thean,1
Thompson,0
Wan,1
Core,0
Koury,0
Boutros,0
Connell,0
Hills,0
Mikhail,0
Samaha,0
Flaherty,0
Fisher,0
Wasem,0
Winfer,0
Ainley,0
Ganim,0
Asghar,0
Rahal,0
Lester,0
Albrighton,0
Jenner,0
Najjar,0
Bishara,0
Anderton,0
Lewington,0
Tow,1
Martinez,0
Elson,0
D arcy,0
Hanania,0
Basara,0
Qin,1
Eagle,0
Yoman,0
Baba,0
Clark,0
Stone,0
Coulson,0
Samaha,0
Gledhill,0
Waldron,0
Saliba,0
Taggart,0
Hor,1
Preece,0
Northcott,0
Lange,0
Whiteford,0
Edon,0
Lovey,0
Keight,0
Hakimi,0
Atiyeh,0
Atiyeh,0
Knappett,0
Westlake,0
Pears,0
Feltham,0
Khouri,0
Kirwin,0
Ropple,0
Green,0
Monaghan,0
Ganim,0
Gerges,0
Shadid,0
Elkin,0
Maloof,0
Whitaker,0
Salib,0
Ganim,0
Hadad,0
Wade,0
Arkins,0
Wray,0
Dolcy,0
Atiyeh,0
Hawkes,0
Delamarre,0
Deng,1
Spooner,0
Gardener,0
Shamoon,0
Byrne,0
Kalb,0
Hayes,0
Trump,0
Gerges,0
Najjar,0
Riddle,0
Kuai,1
Miles,0
Zogby,0
Issa,0
Ghanem,0
Kan,1
Emberey,0
Down,0
Glennon,0
Mather,0
Allaway,0
Kanaan,0
Bitar,0
Holgate,0
Halabi,0
Reynolds,0
Cowie,0
Dowler,0
Hayward,0
Zhou,1
Nickel,0
Jarrold,0
Kassab,0
Callaghan,0
Tozer,0
Gauntlett,0
Torrance,0
Naser,0
Moy,1
Hole,0
Gaber,0
Shuai,1
Adair,0
Sarraf,0
Tobin,0
Chieu,1
Totah,0
Lennox,0
Bloom,0
Eyres,0
Naughton,0
Conrad,0
Wasem,0
Naifeh,0
Roth,0
Boulos,0
Wilde,0
Ketley,0
Ganim,0
Endroe,0
Hajjar,0
Winfield,0
Hakimi,0
North,0
Whitley,0
Nahas,0
You,1
Redin,0
Treble,0
Kassis,0
Denis,0
Mustafa,0
Maloof,0
Flynn,0
Bishara,0
Downs,0
Maloof,0
Eedie,0
Guirguis,0
Sterling,0
Sze,1
Metcalf,0
Tahan,0
Haddad,0
Rodger,0
Atiyeh,0
Heather,0
Galliford,0
Purcell,0
Harden,0
Vine,0
Mcnally,0
Kirtley,0
Peacock,0
Shamoun,0
Assaf,0
Crowe,0
Morcos,0
Okeefe,0
Sherman,0
Walsh,0
Whittley,0
Eastaway,0
Nassar,0
Curwood,0
Essa,0
Newsham,0
Rahal,0
Wareing,0
Shamoun,0
Kone,0
Kellems,0
Salib,0
Elfman,0
Tannous,0
Jansen,0
Toma,0
Rahal,0
Line,0
Ratcliffe,0
Milne,0
Vince,0
Jepson,0
Astle,0
Asghar,0
Heaton,0
Baz,0
Zogby,0
Prevost,0
Eglan,0
Strickland,0
Herron,0
Rhodes,0
Fleetwood,0
Nevis,0
Srour,0
Sabbag,0
Edmundson,0
Nazari,0
Sayegh,0
Bowman,0
Ballard,0
Rycroft,0
Kalb,0
Bateman,0
Flanders,0
Burgess,0
Gilmore,0
Lovell,0
Woodland,0
Wen,1
Sarkis,0
Antar,0
Hong,1
Dixon,0
Lincoln,0
Evans,0
Donovan,0
Basara,0
Hatton,0
Trew,0
Wheatley,0
Baz,0
Redman,0
Powis,0
Nazari,0
Eilers,0
French,0
Painter,0
Rosso,0
Totah,0
Rooke,0
Lewis,0
Broomfield,0
Jian,1
Sylvester,0
Bacon,0
Essa,0
Nader,0
Langston,0
Upfield,0
Warden,0
Handal,0
Carroll,0
Ostcliffe,0
Burke,0
Lynes,0
Huan,1
Fearn,0
Kaul,0
Hadad,0
Swanson,0
Tuthill,0
Dymond,0
Mulligan,0
Essa,0
Thorndyke,0
Nicholson,0
Norsworthy,0
Nader,0
Guan,1
Ferguson,0
Lumsden,0
Khoury,0
Kattan,0
Mah,1
Edler,0
Bishara,0
Shuo,1
Attard,0
Handal,0
Tomas,0
Pei,1
Totah,0
Riley,0
Cong,1
Gough,0
Mackie,0
Mifsud,0
Zogby,0
Pomphrey,0
Johnstone,0
Ganim,0
Koury,0
Winward,0
Bradley,0
Seymour,0
Tinsley,0
Mullen,0
Oman,0
Kinder,0
Moreton,0
Hadad,0
Furey,0
Thackray,0
Hajjar,0
Rowlinson,0
Coburn,0
Cham,0
Atiyeh,0
Samaha,0
Cormack,0
Leek,0
Abadi,0
Maclean,0
Thurlow,0
Lambert,0
Everitt,0
Squire,0
Butterworth,0
Adrol,0
Upjohn,0
Alderson,0
Wasem,0
Kennedy,0
Whitehouse,0
Antar,0
Arian,0
Humphreys,0
Graves,0
Crossland,0
Asker,0
Safar,0
Faust,0
Ghannam,0
Fearns,0
Hanania,0
Zhang,1
Teng,1
Wills,0
Avis,0
Hannam,0
Toma,0
Qureshi,0
Gaber,0
Safar,0
Srour,0
Shammas,0
Tonge,0
Farrington,0
Leedham,0
Wormald,0
Younge,0
Gaber,0
Issa,0
Maroun,0
Hadad,0
Lao,1
Safar,0
Dennis,0
Deeb,0
Kinnersley,0
Mifsud,0
Moghadam,0
Pickard,0
Emmett,0
Lawrance,0
Tao,1
Elkington,0
Reade,0
Dai,1
Bazzi,0
Ghannam,0
Hine,0
Zogby,0
Newill,0
Ralston,0
Garber,0
Srour,0
Sabbag,0
Tilson,0
Longhurst,0
Bishara,0
Shamon,0
Bains,0
Daher,0
Dagher,0
Joe,1
Daher,0
Buck,0
Attia,0
Jackman,0
Clamp,0
Denton,0
Quirke,0
Crabb,0
Redwood,0
Gerges,0
Molloy,0
Hiscocks,0
More,0
Khoury,0
Hajjar,0
Gaber,0
Everett,0
Major,0
Koury,0
Tahan,0
Shand,0
Basara,0
Palmer,0
Roman,0
Wilkie,0
Kumar,0
Manning,0
Shea,0
Xue,1
Lopes,0
Sabbag,0
Sayegh,0
Dagher,0
Said,0
Tarrant,0
Ewles,0
Handal,0
Awad,0
Bristow,0
Ricketts,0
Mikhail,0
Gavin,0
Kilnan,0
Sarraf,0
Najjar,0
Isaacs,0
Arian,0
Halabi,0
Khoury,0
Tong,0
Srour,0
Jiggens,0
Evenden,0
Jacks,0
Carnegie,0
Nassar,0
Mustafa,0
Kiernan,0
Keay,0
Amos,0
Probert,0
Jerry,0
Mottram,0
Asfour,0
Worth,0
Hewlett,0
Glaister,0
Thom,0
Hakimi,0
Zogby,0
Nader,0
Chen,1
Beech,0
Wolfe,0
Romans,0
Wasem,0
Luker,0
Crook,0
Elleray,0
Kouri,0
Ganim,0
Shadid,0
Cooper,0
Killeen,0
Stout,0
Kanaan,0
Bellamy,0
Tunks,0
Atiyeh,0
Wise,0
Pickering,0
Awad,0
Tyrer,0
Lethbridge,0
Pocock,0
Dubois,0
Asfour,0
Clegg,0
Gaber,0
Patel,0
Kinnison,0
Mifsud,0
Rui,1
Emberson,0
Haddad,0
Abboud,0
Holt,0
Till,0
York,0
Keilty,0
Gillett,0
Froggatt,0
Roebuck,0
Farley,0
Tolley,0
Finan,0
Amari,0
Wyer,0
Fleming,0
Guirguis,0
Godby,0
Miller,0
Dan,1
Guirguis,0
Anthony,0
Kitt,0
Wales,0
Malouf,0
Kerridge,0
Mustafa,0
Totah,0
Rumsey,0
Kendell,0
Davis,0
Lock,0
Oatway,0
Thirlwall,0
Dyer,0
Collier,0
Bowes,0
Grierson,0
Yarker,0
Stoppard,0
Alber,0
Tomes,0
Cresswell,0
Tennant,0
Essa,0
Mei,1
Baba,0
Bower,0
Alesbury,0
Jamieson,0
Lau,1
Shamoun,0
Bazzi,0
Rick,0
Guirguis,0
Fakhoury,0
Xiong,1
Geldart,0
Wilmot,0
Thomson,0
Hui,1
Wilks,0
Emerson,0
Edgell,0
Titmuss,0
Ewing,0
Kruger,0
Lander,0
Mclean,0
Sarraf,0
Sarraf,0
Khouri,0
Rook,0
Roussel,0
Arian,0
Dundon,0
Regan,0
Edkins,0
Gillen,0
Aston,0
Shalhoub,0
Vollans,0
Zheng,1
Gilchrist,0
Abboud,0
Kirby,0
Amin,0
Woodward,0
Mcfarlane,0
Bernard,0
Gong,1
Mustafa,0
Akhtar,0
Kilford,0
Koury,0
Sleiman,0
Keeling,0
Antar,0
Jarrett,0
Howells,0
Giles,0
Essa,0
Readman,0
Sabbagh,0
Dagher,0
Sleiman,0
Drummond,0
Braithwaite,0
Hopes,0
Maloney,0
Stokoe,0
Arian,0
Knox,0
Harb,0
Finney,0
Eburne,0
Glenn,0
Plouvin,0
Rogan,0
Needham,0
Sarkis,0
Pine,0
Chong,1
Haddad,0
Hitchcock,0
Kempson,0
Halabi,0
Fakhoury,0
Bryan,0
Srour,0
Ventura,0
Corner,0
Estlick,0
Tonner,0
Nichols,0
Jordison,0
Arian,0
Tannous,0
Osman,0
Danby,0
Khouri,0
Eadie,0
Shamoon,0
Farnum,0
Prosser,0
Greensmith,0
Tahan,0
Vass,0
Henry,0
Caldwell,0
Kempster,0
Linsby,0
Guirguis,0
Ban,1
Johanson,0
Keaveney,0
Tuffnell,0
Thonon,0
Arah,0
Stacey,0
Tan,1
Tannous,0
Aslam,0
Abadi,0
Woodford,0
Kanaan,0
Bain,0
Kalb,0
Elphick,0
Woodham,0
Walmsley,0
Najjar,0
Viner,0
Luckhurst,0
Aitchison,0
Malouf,0
Sharma,0
Stafford,0
Attia,0
Findlay,0
Rush,0
Peel,0
Stockley,0
Fakhoury,0
Fenwick,0
Carpenter,0
Potter,0
Loftus,0
Adams,0
Neal,0
Kilmurry,0
Young,0
Burch,0
Shadid,0
Kassis,0
Jiang,1
Kassab,0
Sayegh,0
Aldred,0
Biggs,0
Innes,0
Sellers,0
Boutros,0
Mckenna,0
Safar,0
Anstee,0
Mcnamara,0
Sarraf,0
Horrocks,0
Maalouf,0
Naifeh,0
Harrington,0
Hindle,0
Sleiman,0
Attia,0
Bishara,0
Rochford,0
Hamill,0
Furness,0
Lavery,0
Hood,0
Adanet,0
Coomber,0
Malone,0
Smith,0
Bitar,0
Hill,0
Burrows,0
Bartlett,0
Pringle,0
Sleiman,0
Mcavoy,0
Jensen,0
Barlow,0
Khouri,0
Sandison,0
Tickner,0
Earl,0
Wren,0
Mcshane,0
Haddad,0
Farren,0
Sarkis,0
Fabb,0
Blanchard,0
Godfrey,0
Hinde,0
Topley,0
Herbert,0
Handal,0
Wateridge,0
Flowers,0
Hadad,0
Baba,0
Tuma,0
Nassar,0
Ming,1
Molyneux,0
Bazzi,0
Glynn,0
Baz,0
Arthur,0
Antoun,0
Smart,0
Nahas,0
Harwood,0
Bennett,0
Mustafa,0
Jeffrey,0
Packard,0
Lin,1
Ganim,0
Dunford,0
Lakey,0
Rushby,0
Lyall,0
Shamon,0
Aldersley,0
Shalhoub,0
Hagan,0
Attia,0
Kapoor,0
Kennard,0
Collinson,0
Kouri,0
Ba,0
Toomey,0
Baba,0
Qiu,1
Hao,1
Yallop,0
Edney,0
Nassar,0
Rahal,0
Saliba,0
Stevens,0
Devon,0
Aldridge,0
Irwin,0
Nader,0
Crawley,0
Ibbotson,0
Shadid,0
Mckie,0
Yapp,0
Grainger,0
Slocombe,0
Said,0
Fakhoury,0
Weston,0
Ellrott,0
Nokes,0
Sabbag,0
Simms,0
Noach,0
Gerges,0
Wardle,0
Boulos,0
Gerges,0
Antar,0
Fordham,0
Gerges,0
Wasem,0
Issa,0
Almasi,0
Maguire,0
Kinsley,0
Locke,0
Forester,0
Pipe,0
Arian,0
Harb,0
Rahal,0
Parkes,0
Reed,0
Corcoran,0
Shamoun,0
Sayegh,0
Asghar,0
Nahas,0
Lowndes,0
Prime,0
Carmichael,0
Garner,0
Kassis,0
Gillard,0
Kolt,0
Lloyd,0
Nazari,0
Timberlake,0
Wiltshire,0
Higginson,0
Atiyeh,0
Gaumont,0
Jewers,0
Neish,0
Guest,0
Tahan,0
Oxley,0
Tannous,0
Edgar,0
Farrar,0
Paul,0
Utton,0
Daher,0
Essan,0
Roche,0
Naifeh,0
Dunmore,0
Yabsley,0
Abboud,0
Bob,0
Harb,0
Valentine,0
Moghadam,0
Edmonds,0
Trattles,0
Metcalfe,0
Browne,0
Bill,0
Cham,0
Mustafa,0
Bithell,0
Sleiman,0
Shamoun,0
Ellis,0
Tahan,0
Caplan,0
Hew,1
Issa,0
Deeb,0
Mcdonagh,0
Shalhoub,0
Kattan,0
Wilkins,0
Keeley,0
Maynard,0
Shadid,0
Deeb,0
Nedd,0
Hallett,0
Bryant,0
Nahas,0
Ganem,0
Eyett,0
Kanaan,0
Wild,0
Kitchen,0
Gou,1
Maloof,0
Withers,0
Apsley,0
Gemmell,0
Williams,0
Pallett,0
Aylott,0
Pinsmail,0
Skelly,0
Greenleaf,0
Harb,0
Wadham,0
Ganim,0
Packer,0
Morcos,0
Rong,1
Vicens,0
Botros,0
Lacey,0
Nazari,0
Morcos,0
Titterington,0
Smit,0
Basara,0
Pond,0
Readle,0
Philip,0
Elliston,0
Cham,0
Hua,1
Hunter,0
Stock,0
Blackwell,0
Hutchins,0
Yarnold,0
Awad,0
Shadid,0
Leech,0
Floyd,0
Armer,0
Evison,0
Elwood,0
Dickens,0
Sleiman,0
Guirguis,0
Almasi,0
Tidmarsh,0
Austen,0
Alexnader,0
Shamoun,0
Tuma,0
Masih,0
Gaudin,0
Kanes,0
Nassar,0
Newman,0
Almasi,0
Warn,0
Issa,0
Baz,0
Kell,0
Forth,0
Dyson,0
Lake,0
Leese,0
Guirguis,0
Gaber,0
Begum,0
Bowden,0
Shadid,0
Nicoll,0
Parmar,0
Everson,0
Rickett,0
Orman,0
Craig,0
Isa,0
Cousin,0
Salib,0
Nassar,0
Assaf,0
Murray,0
Kalb,0
Tanner,0
Cheng,1
Killock,0
Floss,0
Rao,1
Masih,0
Rennie,0
Bevan,0
Kinsella,0
Leys,0
Ingermann,0
Fakhoury,0
Neilsen,0
Albert,0
Pledger,0
Haddad,0
Asker,0
Bainbridge,0
Janes,0
Teasdale,0
Mathews,0
Jones,0
Neave,0
Anakin,0
Lynas,0
Attia,0
Alldridge,0
Asfour,0
Ashman,0
Wale,0
Buckingham,0
Sarkis,0
Auberton,0
Turford,0
Almasi,0
Illing,0
Langley,0
Wilcox,0
Bazzi,0
Berger,0
Jonhson,0
Fulton,0
Wyatt,0
Antar,0
Shamoon,0
Tappin,0
Ang,1
Guan,1
Stott,0
Totah,0
Patten,0
Trotman,0
Asfour,0
Hajjar,0
Harrison,0
Bazzi,0
Lam,1
Akram,0
Morcos,0
Khoury,0
Awad,0
Nicholl,0
Hegney,0
Thurgood,0
Haik,0
Nassar,0
Saleh,0
Sarkis,0
Fox,0
Fielder,0
Handal,0
Salib,0
Trennery,0
Wasem,0
Turnbull,0
Lang,0
Biddle,0
Devenish,0
Naifeh,0
Mcelroy,0
Baba,0
Vinny,0
Groves,0
Saliba,0
Gerges,0
Saliba,0
Safar,0
Sarraf,0
Said,0
Shaw,0
Basara,0
Bannister,0
Dunnett,0
Assaf,0
Snowdon,0
Said,0
Ghanem,0
Otton,0
Anton,0
Donald,0
Boutros,0
Ashford,0
Drinkwater,0
Eales,0
Kong,1
Morcos,0
Malouf,0
Mansour,0
Tinker,0
East,0
Adamson,0
Kattan,0
Moss,0
Bao,1
Zha,1
Cornock,0
Naifeh,0
Asghar,0
Owens,0
Crane,0
Tai,1
Gunning,0
Guinard,0
Mahoney,0
Daher,0
Deeb,0
Blakey,0
Khalil,0
Gardner,0
Hawley,0
Kassis,0
Traynor,0
Samaha,0
Bahar,0
Partlett,0
Bazzi,0
Moriarty,0
Mikhail,0
Norgate,0
Zogby,0
Wiles,0
Quirk,0
Silva,0
Tannous,0
Wasem,0
Bahar,0
Awad,0
Shammas,0
Edgley,0
Salib,0
Kassab,0
Kouri,0
Botros,0
Antar,0
Riches,0
Rafferty,0
Amari,0
Cham,0
Upson,0
Macrae,0
Najjar,0
Jefferson,0
Dawkins,0
Best,0
Zogby,0
Wintersgill,0
Deegan,0
Quraishi,0
Styles,0
Roscoe,0
Tomlinson,0
Tohill,0
Woo,1
Elcock,0
Mccormack,0
Paterson,0
Adderley,0
Khoury,0
Lowis,0
Wasem,0
Kerrison,0
Larkings,0
Koury,0
Asghar,0
Jenkyns,0
Awad,0
Ghannam,0
Gerges,0
Sha,1
Ganim,0
Goldsworthy,0
Moore,0
Newsome,0
Naser,0
Maalouf,0
Merritt,0
Shammas,0
Malouf,0
Drake,0
Bishara,0
Orme,0
Yim,1
Crow,0
Halabi,0
Goldsmith,0
Elford,0
Weeks,0
Hepburn,0
Chamberlain,0
Sabbag,0
Ferry,0
Oleary,0
Kouri,0
Boutros,0
Wragg,0
Shalhoub,0
Edmondson,0
Tombs,0
Jury,0
Shamoun,0
Amari,0
Nahas,0
Hajjar,0
Holden,0
Mcmanus,0
Peaper,0
Schmid,0
Rainford,0
Palfrey,0
Gammer,0
Featherstone,0
Seif,0
Thelwell,0
Preston,0
Skipper,0
Kore,0
Jasper,0
Ginty,0
Connolly,0
Basara,0
Stevenson,0
Asfour,0
Morcos,0
Abboud,0
Easen,0
Tomkins,0
Lew,1
Dempsey,0
Bazzi,0
Saliba,0
Jagger,0
Baba,0
Isa,0
Guirguis,0
Noggins,0
Ganem,0
Yard,0
Nazari,0
Panesar,0
Aswad,0
Mifsud,0
Sarkis,0
Baba,0
Pemberton,0
Dupont,0
Pearce,0
Man,1
Ganem,0
Wolstencroft,0
Rust,0
Atkins,0
Tomlin,0
Radcliffe,0
Symonds,0
Baker,0
Xiang,1
Yan,1
Keywood,0
Quinnell,0
Tuma,0
Chidlow,0
Isbitt,0
Pounder,0
Bowler,0
Grant,0
Mustafa,0
Handal,0
Amari,0
Hakimi,0
Wasem,0
Bahar,0
Millard,0
Baz,0
Ostler,0
Mustafa,0
Meredith,0
Chatterton,0
Tahan,0
Ba,0
Boutros,0
Bazzi,0
Rahal,0
Almasi,0
Driver,0
Bancroft,0
Donkin,0
Aswad,0
Chi,1
Geeson,0
Greening,0
Reyes,0
Shamon,0
Totah,0
Jukes,0
Keetley,0
Shadid,0
Mccullough,0
Seif,0
Holl,0
Donn,0
Tilston,0
Appleyard,0
Bishara,0
Chauhan,0
Handal,0
Giblin,0
Parker,0
Assaf,0
Antar,0
Kelly,0
Everdell,0
Doors,0
Maloof,0
Srour,0
Garbutt,0
Tailor,0
Kouri,0
